group,index,expected,actual,diff
0,0,45,45,0
0,1,228.887,0,228.887
0,2,-213.887,-188.039,25.848
0,3,-148.933,0,148.933
0,4,-48.7904,-188.039,139.249
0,5,-39.3827,0,39.3827
0,6,-19.3218,-188.039,168.717
0,7,-227.434,0,227.434
1,0,316,316,0
1,1,-118.989,-38.4531,80.5363
1,2,72.4752,-39.6602,112.135
1,3,187.863,0,187.863
1,4,-87.6812,-39.6602,48.0211
1,5,167.073,0,167.073
1,6,300.618,-39.6602,340.278
1,7,-267.253,-38.4531,228.8
2,0,-275,-275,0
2,1,-21.1714,602.234,623.406
2,2,-84.8769,-190.812,105.936
2,3,-120.656,0,120.656
2,4,150.614,-190.812,341.426
2,5,-50.9535,0,50.9535
2,6,-14.5917,-190.812,176.221
2,7,-260.981,602.234,863.215
3,0,-302,-302,0
3,1,-86.156,-29.1328,57.0232
3,2,20.3572,108.164,87.8069
3,3,152.975,0,152.975
3,4,176.777,108.164,68.6126
3,5,-125.976,0,125.976
3,6,97.1884,108.164,10.9757
3,7,63.6297,-29.1328,92.7625
4,0,165,165,0
4,1,208.724,194.703,14.0208
4,2,189.101,237.129,48.0281
4,3,25.0396,0,25.0396
4,4,-111.016,237.129,348.145
4,5,-152.155,0,152.155
4,6,11.2198,237.129,225.909
4,7,449.268,194.703,254.565
5,0,-10,-10,0
5,1,-128.367,22.25,150.617
5,2,24.8154,-3.32812,28.1435
5,3,-134.73,0,134.73
5,4,-141.421,-3.32812,138.093
5,5,-153.061,0,153.061
5,6,-161.822,-3.32812,158.493
5,7,128.372,22.25,106.122
6,0,-494,-494,0
6,1,31.5528,-324.258,355.811
6,2,-19.8545,-76.5469,56.6924
6,3,-49.9383,0,49.9383
6,4,128.693,-76.5469,205.24
6,5,22.1873,0,22.1873
6,6,-77.4971,-76.5469,0.950226
6,7,-103.248,-324.258,221.01
7,0,-253,-253,0
7,1,140.68,-155.25,295.93
7,2,172.183,-16.918,189.101
7,3,44.4765,0,44.4765
7,4,-147.785,-16.918,130.867
7,5,-23.3007,0,23.3007
7,6,-170.053,-16.918,153.135
7,7,-78.4455,-155.25,76.8045
8,0,333,333,0
8,1,-84.0534,-340.93,256.876
8,2,-98.9639,24.6836,123.647
8,3,161.416,0,161.416
8,4,225.567,24.6836,200.883
8,5,10.5143,0,10.5143
8,6,-92.947,24.6836,117.631
8,7,-111.959,-340.93,228.971
9,0,-460,-460,0
9,1,-3.37567,-186.109,182.734
9,2,-23.6362,0.554688,24.1909
9,3,-42.5722,0,42.5722
9,4,-39.598,0.554688,40.1527
9,5,-118.247,0,118.247
9,6,-193.797,0.554688,194.352
9,7,43.8116,-186.109,229.921
10,0,160,160,0
10,1,122.784,-388.266,511.05
10,2,-53.6301,-145.605,91.9754
10,3,-111.274,0,111.274
10,4,172.534,-145.605,318.14
10,5,-37.9314,0,37.9314
10,6,103.343,-145.605,248.949
10,7,-180.095,-388.266,208.171
11,0,-26,-26,0
11,1,71.0411,207.125,136.084
11,2,24.7796,86.2539,61.4743
11,3,133.444,0,133.444
11,4,-387.495,86.2539,473.748
11,5,150.99,0,150.99
11,6,115.256,86.2539,29.0022
11,7,38.8667,207.125,168.258
12,0,-111,-111,0
12,1,220.749,230.898,10.149
12,2,-4.34743,122.586,126.933
12,3,6.51707,0,6.51707
12,4,-96.8736,122.586,219.46
12,5,-2.96056,0,2.96056
12,6,128.086,122.586,5.50037
12,7,238.479,230.898,7.58081
13,0,-331,-331,0
13,1,-35.941,256.641,292.582
13,2,-266.057,-133.957,132.1
13,3,-247.258,0,247.258
13,4,-33.234,-133.957,100.723
13,5,-92.7525,0,92.7525
13,6,9.94124,-133.957,143.898
13,7,-20.5812,256.641,277.222
14,0,476,476,0
14,1,132.327,20.2422,112.085
14,2,-155.388,-108.719,46.6694
14,3,-85.3614,0,85.3614
14,4,-73.5391,-108.719,35.1796
14,5,130.717,0,130.717
14,6,72.0175,-108.719,180.736
14,7,-132.407,20.2422,152.649
15,0,-127,-127,0
15,1,-321.144,144.484,465.629
15,2,-68.8108,-41.0469,27.7639
15,3,165.708,0,165.708
15,4,123.744,-41.0469,164.791
15,5,-281.311,0,281.311
15,6,53.7595,-41.0469,94.8063
15,7,-247.179,144.484,391.663
16,0,-160,-160,0
16,1,177.13,107.797,69.3327
16,2,-55.9899,1.38672,57.3766
16,3,-77.6102,0,77.6102
16,4,181.019,1.38672,179.633
16,5,63.2867,0,63.2867
16,6,-68.6523,1.38672,70.039
16,7,80.1278,107.797,27.6691
17,0,375,375,0
17,1,-13.2702,-137.484,124.214
17,2,45.5168,-207.453,252.97
17,3,-251.005,0,251.005
17,4,-65.7609,-207.453,141.692
17,5,25.9981,0,25.9981
17,6,-47.1723,-207.453,160.281
17,7,-164.011,-137.484,26.5268
18,0,184,184,0
18,1,56.8633,-94.5703,151.434
18,2,95.0648,-54.9141,149.979
18,3,-162.81,0,162.81
18,4,14.1421,-54.9141,69.0562
18,5,-121.917,0,121.917
18,6,214.725,-54.9141,269.639
18,7,53.0263,-94.5703,147.597
19,0,120,120,0
19,1,-7.49628,430.109,437.606
19,2,177.885,-48.8125,226.697
19,3,-133.307,0,133.307
19,4,74.9533,-48.8125,123.766
19,5,-73.1139,0,73.1139
19,6,-165.526,-48.8125,116.714
19,7,35.7458,430.109,394.364
20,0,-77,-77,0
20,1,-71.0445,-331.867,260.823
20,2,94.6343,140.059,45.4243
20,3,228.981,0,228.981
20,4,17.6777,140.059,122.381
20,5,297.319,0,297.319
20,6,82.4945,140.059,57.5641
20,7,50.9597,-331.867,382.827
21,0,-206,-206,0
21,1,378.503,165.172,213.331
21,2,-36.9074,96.5156,133.423
21,3,-51.4909,0,51.4909
21,4,-50.9117,96.5156,147.427
21,5,-37.6772,0,37.6772
21,6,117.847,96.5156,21.3311
21,7,244.203,165.172,79.0314
22,0,-120,-120,0
22,1,12.3518,236.164,223.812
22,2,-187.998,-59.3516,128.646
22,3,29.0358,0,29.0358
22,4,-26.8701,-59.3516,32.4815
22,5,138.969,0,138.969
22,6,111.547,-59.3516,170.899
22,7,-147.928,236.164,384.092
23,0,-270,-270,0
23,1,-92.153,223.727,315.88
23,2,-236.363,-167.238,69.1249
23,3,-160.121,0,160.121
23,4,32.5269,-167.238,199.765
23,5,-86.0379,0,86.0379
23,6,194.341,-167.238,361.579
23,7,-174.243,223.727,397.969
24,0,426,426,0
24,1,-194.015,389.672,583.687
24,2,59.2569,-80.4297,139.687
24,3,-78.4702,0,78.4702
24,4,-73.5391,-80.4297,6.89058
24,5,17.2385,0,17.2385
24,6,-244.971,-80.4297,164.541
24,7,-82.2379,389.672,471.91
25,0,139,139,0
25,1,31.5212,-490.898,522.42
25,2,23.2349,-4.71484,27.9498
25,3,-171.38,0,171.38
25,4,58.6899,-4.71484,63.4047
25,5,-100.818,0,100.818
25,6,-108.357,-4.71484,103.642
25,7,162.023,-490.898,652.921
26,0,34,34,0
26,1,115.537,-217.133,332.67
26,2,204.884,185.266,19.6181
26,3,83.6366,0,83.6366
26,4,72.1249,185.266,113.141
26,5,-22.199,0,22.199
26,6,-19.0441,185.266,204.31
26,7,286.881,-217.133,504.014
27,0,-550,-550,0
27,1,-4.605,-38.4062,33.8013
27,2,-178.227,1.94141,180.169
27,3,-49.8069,0,49.8069
27,4,18.3848,1.94141,16.4434
27,5,-46.3067,0,46.3067
27,6,-34.858,1.94141,36.7994
27,7,53.7449,-38.4062,92.1511
28,0,289,289,0
28,1,-78.4598,-69.625,8.83476
28,2,-196.569,-8.32031,188.248
28,3,-135.068,0,135.068
28,4,27.5772,-8.32031,35.8975
28,5,7.74908,0,7.74908
28,6,22.4882,-8.32031,30.8085
28,7,118.499,-69.625,188.124
29,0,-425,-425,0
29,1,-93.0974,45.2969,138.394
29,2,74.0277,-41.0469,115.075
29,3,-31.3435,0,31.3435
29,4,23.3345,-41.0469,64.3814
29,5,155.323,0,155.323
29,6,-207.463,-41.0469,166.416
29,7,-50.8357,45.2969,96.1326
30,0,-49,-49,0
30,1,-67.4197,-415.766,348.346
30,2,-370.786,199.965,570.751
30,3,193.025,0,193.025
30,4,-31.8198,199.965,231.785
30,5,-92.3864,0,92.3864
30,6,-265.071,199.965,465.036
30,7,207.168,-415.766,622.933
31,0,80,80,0
31,1,-217.877,-530.648,312.771
31,2,-31.4504,170.844,202.294
31,3,-35.2986,0,35.2986
31,4,-1.41422,170.844,172.258
31,5,-12.6395,0,12.6395
31,6,5.3735,170.844,165.47
31,7,377.311,-530.648,907.96
32,0,233,233,0
32,1,236.837,10.8047,226.032
32,2,-286.783,-86.2539,200.529
32,3,-42.0369,0,42.0369
32,4,-26.1629,-86.2539,60.091
32,5,-55.8177,0,55.8177
32,6,140.985,-86.2539,227.239
32,7,-130.704,10.8047,141.509
33,0,-544,-544,0
33,1,-32.3857,282.828,315.214
33,2,-210.866,9.70703,220.573
33,3,89.3351,0,89.3351
33,4,135.764,9.70703,126.057
33,5,46.5279,0,46.5279
33,6,174.595,9.70703,164.888
33,7,-69.9316,282.828,352.76
34,0,-97,-97,0
34,1,-305.302,350.078,655.381
34,2,-11.6456,-142.277,130.632
34,3,19.5613,0,19.5613
34,4,27.5772,-142.277,169.855
34,5,190.751,0,190.751
34,6,132.64,-142.277,274.917
34,7,-304.06,350.078,654.138
35,0,359,359,0
35,1,156.024,265.773,109.749
35,2,-74.2798,168.348,242.628
35,3,112.938,0,112.938
35,4,84.1457,168.348,84.202
35,5,125.404,0,125.404
35,6,-243.999,168.348,412.347
35,7,223.535,265.773,42.2388
36,0,12,12,0
36,1,386.118,-488.789,874.907
36,2,60.7744,80.707,19.9326
36,3,-93.183,0,93.183
36,4,83.4386,80.707,2.73157
36,5,104.614,0,104.614
36,6,-34.358,80.707,115.065
36,7,254.111,-488.789,742.9
37,0,-43,-43,0
37,1,-218.77,-68.9141,149.856
37,2,-114.989,-27.7344,87.2544
37,3,-77.6834,0,77.6834
37,4,-197.283,-27.7344,169.548
37,5,27.8514,0,27.8514
37,6,79.01,-27.7344,106.744
37,7,22.4055,-68.9141,91.3195
38,0,-142,-142,0
38,1,-282.995,158.445,441.44
38,2,-58.8338,-50.1992,8.63458
38,3,122.618,0,122.618
38,4,-154.149,-50.1992,103.95
38,5,308.451,0,308.451
38,6,42.7386,-50.1992,92.9378
38,7,-223.067,158.445,381.512
39,0,-233,-233,0
39,1,-262.553,85.7031,348.256
39,2,70.8415,28.8438,41.9978
39,3,193.419,0,193.419
39,4,30.4056,28.8438,1.56184
39,5,181.942,0,181.942
39,6,-296.457,28.8438,325.3
39,7,-135.632,85.7031,221.335
40,0,95,95,0
40,1,-107.838,-594.07,486.233
40,2,64.5356,90.1367,25.6011
40,3,55.965,0,55.965
40,4,48.7904,90.1367,41.3463
40,5,-175.005,0,175.005
40,6,-38.212,90.1367,128.349
40,7,124.652,-594.07,718.722
41,0,-206,-206,0
41,1,-83.9804,-76.6406,7.3398
41,2,74.8933,142.555,67.6614
41,3,262.666,0,262.666
41,4,-77.7818,142.555,220.336
41,5,462.99,0,462.99
41,6,132.767,142.555,9.78799
41,7,22.1049,-76.6406,98.7455
42,0,-413,-413,0
42,1,126.245,265.922,139.677
42,2,208.283,34.668,173.615
42,3,5.12912,0,5.12912
42,4,-77.0746,34.668,111.743
42,5,-105.032,0,105.032
42,6,98.1799,34.668,63.5119
42,7,64.2003,265.922,201.722
43,0,-298,-298,0
43,1,95.2312,196.461,101.23
43,2,-106.04,-67.3945,38.6453
43,3,-97.1233,0,97.1233
43,4,-223.446,-67.3945,156.051
43,5,-238.067,0,238.067
43,6,91.3759,-67.3945,158.77
43,7,-37.5446,196.461,234.006
44,0,399,399,0
44,1,-114.581,183.211,297.792
44,2,199.524,-18.0273,217.552
44,3,111.477,0,111.477
44,4,-45.9619,-18.0273,27.9346
44,5,50.9413,0,50.9413
44,6,176.814,-18.0273,194.841
44,7,-147.472,183.211,330.683
45,0,304,304,0
45,1,0.226089,354.023,353.797
45,2,-79.1817,78.7656,157.947
45,3,99.1708,0,99.1708
45,4,-356.382,78.7656,435.147
45,5,-3.05452,0,3.05452
45,6,97.0889,78.7656,18.3233
45,7,58.4,354.023,295.623
46,0,290,290,0
46,1,48.5462,194.625,146.079
46,2,-221.462,-8.04297,213.419
46,3,-80.0457,0,80.0457
46,4,254.558,-8.04297,262.601
46,5,-123.5,0,123.5
46,6,-220.537,-8.04297,212.494
46,7,64.036,194.625,130.589
47,0,-369,-369,0
47,1,-8.40694,-441.602,433.195
47,2,-196.104,-197.469,1.36426
47,3,-242.989,0,242.989
47,4,58.6899,-197.469,256.159
47,5,-131.6,0,131.6
47,6,60.5642,-197.469,258.033
47,7,-151.891,-441.602,289.711
48,0,287,287,0
48,1,13.9857,121.586,107.6
48,2,62.6428,13.8672,48.7756
48,3,-207.854,0,207.854
48,4,102.53,13.8672,88.6633
48,5,85.0093,0,85.0093
48,6,86.5614,13.8672,72.6943
48,7,235.489,121.586,113.903
49,0,352,352,0
49,1,-151.535,173.359,324.895
49,2,-119.384,50.7539,170.138
49,3,-107.46,0,107.46
49,4,135.764,50.7539,85.0106
49,5,32.7415,0,32.7415
49,6,73.9422,50.7539,23.1883
49,7,209.118,173.359,35.7587
50,0,-576,-576,0
50,1,-69.684,148.297,217.981
50,2,56.3361,33.8359,22.5001
50,3,-22.3412,0,22.3412
50,4,43.8406,33.8359,10.0047
50,5,-16.5831,0,16.5831
50,6,-96.8104,33.8359,130.646
50,7,90.1207,148.297,58.1761
51,0,-161,-161,0
51,1,85.4853,-194.039,279.524
51,2,137.923,-5.82422,143.748
51,3,-69.0484,0,69.0484
51,4,-68.5894,-5.82422,62.7651
51,5,-208.522,0,208.522
51,6,294.174,-5.82422,299.998
51,7,57.5285,-194.039,251.568
52,0,37,37,0
52,1,202.277,589.242,386.966
52,2,-59.3187,-1.66406,57.6546
52,3,-154.986,0,154.986
52,4,143.543,-1.66406,145.207
52,5,49.4534,0,49.4534
52,6,-115.492,-1.66406,113.827
52,7,151.388,589.242,437.854
53,0,74,74,0
53,1,121.089,-231.328,352.417
53,2,-90.4539,-96.2383,5.78433
53,3,-324.967,0,324.967
53,4,190.919,-96.2383,287.157
53,5,-13.6083,0,13.6083
53,6,77.2663,-96.2383,173.505
53,7,132.331,-231.328,363.659
54,0,-186,-186,0
54,1,-147.348,154.922,302.27
54,2,-69.0171,175.559,244.576
54,3,321.421,0,321.421
54,4,-79.196,175.559,254.755
54,5,247.758,0,247.758
54,6,-81.625,175.559,257.184
54,7,29.6709,154.922,125.251
55,0,-305,-305,0
55,1,-86.56,-163.461,76.901
55,2,-161.756,-32.1719,129.584
55,3,-3.26578,0,3.26578
55,4,-188.798,-32.1719,156.626
55,5,55.4473,0,55.4473
55,6,-30.2001,-32.1719,1.97174
55,7,-61.0597,-163.461,102.401
56,0,-285,-285,0
56,1,-47.3868,-60.3125,12.9257
56,2,-100.61,241.289,341.899
56,3,151.613,0,151.613
56,4,225.567,241.289,15.722
56,5,-58.6792,0,58.6792
56,6,-34.0973,241.289,275.386
56,7,331.19,-60.3125,391.503
57,0,-162,-162,0
57,1,70.2361,-68.1953,138.431
57,2,-29.8625,64.6211,94.4836
57,3,-52.6648,0,52.6648
57,4,-46.6691,64.6211,111.29
57,5,93.8126,0,93.8126
57,6,286.371,64.6211,221.75
57,7,181.762,-68.1953,249.957
58,0,-116,-116,0
58,1,-127.707,573.812,701.52
58,2,-346.684,136.453,483.137
58,3,141.132,0,141.132
58,4,-100.409,136.453,236.862
58,5,-71.6967,0,71.6967
58,6,-216.121,136.453,352.574
58,7,132.051,573.812,441.762
59,0,215,215,0
59,1,-165.228,-432.602,267.374
59,2,-129.329,63.5117,192.841
59,3,31.7584,0,31.7584
59,4,57.2757,63.5117,6.23607
59,5,105.831,0,105.831
59,6,173.732,63.5117,110.221
59,7,95.3578,-432.602,527.959
60,0,400,400,0
60,1,46.1266,348.25,302.123
60,2,141.682,85.9766,55.7053
60,3,46.5399,0,46.5399
60,4,69.2965,85.9766,16.6801
60,5,-109.766,0,109.766
60,6,31.6267,85.9766,54.3498
60,7,125.521,348.25,222.729
61,0,-270,-270,0
61,1,68.8727,63.1953,5.67741
61,2,70.65,-116.207,186.857
61,3,-73.1844,0,73.1844
61,4,29.6985,-116.207,145.906
61,5,-51.9022,0,51.9022
61,6,237.083,-116.207,353.291
61,7,-159.302,63.1953,222.497
62,0,-478,-478,0
62,1,235.799,474.938,239.138
62,2,116.124,-4.16016,120.284
62,3,-7.1692,0,7.1692
62,4,-137.179,-4.16016,133.019
62,5,-136.805,0,136.805
62,6,132.527,-4.16016,136.687
62,7,-1.25864,474.938,476.196
63,0,-32,-32,0
63,1,259.72,265.391,5.67035
63,2,114.699,-60.1836,174.883
63,3,-222.208,0,222.208
63,4,21.2132,-60.1836,81.3968
63,5,38.6788,0,38.6788
63,6,-70.4709,-60.1836,10.2873
63,7,101.494,265.391,163.896
64,0,-28,-28,0
64,1,-112.096,-141.336,29.2395
64,2,-339.444,21.9102,361.354
64,3,196.508,0,196.508
64,4,169.706,21.9102,147.795
64,5,38.5574,0,38.5574
64,6,119.172,21.9102,97.2618
64,7,-152.599,-141.336,11.2627
65,0,-158,-158,0
65,1,-37.9302,239.188,277.118
65,2,-1.35435,164.742,166.097
65,3,89.5453,0,89.5453
65,4,69.2965,164.742,95.4457
65,5,-21.4668,0,21.4668
65,6,-132.613,164.742,297.355
65,7,240.079,239.188,0.89122
66,0,414,414,0
66,1,-21.7976,-265.703,243.906
66,2,-16.8859,-104.836,87.9501
66,3,-104.253,0,104.253
66,4,-214.96,-104.836,110.125
66,5,-149.322,0,149.322
66,6,-92.5033,-104.836,12.3326
66,7,-105.285,-265.703,160.418
67,0,280,280,0
67,1,255.649,-185.32,440.969
67,2,35.264,39.1055,3.84146
67,3,-7.62563,0,7.62563
67,4,-69.2965,39.1055,108.402
67,5,8.80884,0,8.80884
67,6,199.696,39.1055,160.59
67,7,85.5726,-185.32,270.893
68,0,457,457,0
68,1,-13.9159,400.07,413.986
68,2,-82.9044,33.5586,116.463
68,3,-135.592,0,135.592
68,4,75.6604,33.5586,42.1018
68,5,45.0285,0,45.0285
68,6,82.5582,33.5586,48.9996
68,7,202.691,400.07,197.379
69,0,-166,-166,0
69,1,76.1423,165.516,89.3733
69,2,303.891,91.8008,212.09
69,3,46.8537,0,46.8537
69,4,50.9117,91.8008,40.8891
69,5,202.458,0,202.458
69,6,131.288,91.8008,39.4868
69,7,136.493,165.516,29.0225
70,0,321,321,0
70,1,13.9935,262.68,248.686
70,2,-2.06726,34.668,36.7352
70,3,72.6813,0,72.6813
70,4,170.413,34.668,135.745
70,5,-289.765,0,289.765
70,6,78.1583,34.668,43.4904
70,7,-3.03511,262.68,265.715
71,0,-130,-130,0
71,1,-34.4561,156.602,191.058
71,2,-266.347,173.895,440.241
71,3,224.352,0,224.352
71,4,67.8822,173.895,106.012
71,5,-37.6688,0,37.6688
71,6,18.4803,173.895,155.414
71,7,123.595,156.602,33.0065
72,0,300,300,0
72,1,59.0958,37.3516,21.7443
72,2,-155.394,13.0352,168.429
72,3,25.1263,0,25.1263
72,4,-50.9117,13.0352,63.9469
72,5,-25.1547,0,25.1547
72,6,-445.368,13.0352,458.403
72,7,0.913803,37.3516,36.4378
73,0,-349,-349,0
73,1,-47.1062,-892.156,845.05
73,2,-317.47,43.8203,361.291
73,3,-41.0026,0,41.0026
73,4,-183.141,43.8203,226.961
73,5,-99.9721,0,99.9721
73,6,-114.182,43.8203,158.003
73,7,128.82,-892.156,1020.98
74,0,55,55,0
74,1,-131.176,-228.391,97.2143
74,2,-62.8257,37.1641,99.9898
74,3,102.007,0,102.007
74,4,-210.011,37.1641,247.175
74,5,8.13977,0,8.13977
74,6,156.901,37.1641,119.737
74,7,-27.5309,-228.391,200.86
75,0,-43,-43,0
75,1,120.909,314.445,193.536
75,2,-180.24,6.10156,186.342
75,3,95.7521,0,95.7521
75,4,125.158,6.10156,119.056
75,5,-9.18613,0,9.18613
75,6,69.3003,6.10156,63.1987
75,7,-83.6653,314.445,398.111
76,0,409,409,0
76,1,32.5892,139.07,106.481
76,2,-58.2429,14.1445,72.3874
76,3,208.966,0,208.966
76,4,283.55,14.1445,269.405
76,5,-36.8318,0,36.8318
76,6,-5.72432,14.1445,19.8689
76,7,-180.666,139.07,319.736
77,0,-178,-178,0
77,1,-16.371,-11.3984,4.97253
77,2,-185.109,19.4141,204.523
77,3,-55.2589,0,55.2589
77,4,-115.966,19.4141,135.38
77,5,-231.116,0,231.116
77,6,-125.382,19.4141,144.796
77,7,94.36,-11.3984,105.758
78,0,140,140,0
78,1,-172.451,-250.992,78.5411
78,2,52.9735,13.3125,39.661
78,3,-59.8162,0,59.8162
78,4,-124.451,13.3125,137.763
78,5,-172.617,0,172.617
78,6,-49.4955,13.3125,62.808
78,7,86.8154,-250.992,337.808
79,0,-230,-230,0
79,1,491.524,-99.2344,590.759
79,2,-50.8087,59.9062,110.715
79,3,-108.424,0,108.424
79,4,-32.5269,59.9062,92.4332
79,5,-36.1477,0,36.1477
79,6,54.7218,59.9062,5.18445
79,7,227.779,-99.2344,327.013
80,0,34,34,0
80,1,-100.866,109.703,210.569
80,2,-176.302,-13.5898,162.713
80,3,-74.2622,0,74.2622
80,4,-1.41422,-13.5898,12.1756
80,5,-320.57,0,320.57
80,6,-70.8621,-13.5898,57.2722
80,7,47.5258,109.703,62.1773
81,0,-161,-161,0
81,1,-34.5597,-141.766,107.206
81,2,-286.753,5.26953,292.023
81,3,-27.2271,0,27.2271
81,4,-328.805,5.26953,334.074
81,5,166.082,0,166.082
81,6,-28.9386,5.26953,34.2082
81,7,37.6283,-141.766,179.394
82,0,-125,-125,0
82,1,-86.2105,-57.6328,28.5777
82,2,-360.231,-161.969,198.263
82,3,-150.345,0,150.345
82,4,-200.111,-161.969,38.1425
82,5,32.4704,0,32.4704
82,6,-110.247,-161.969,51.7221
82,7,-173.611,-57.6328,115.978
83,0,-317,-317,0
83,1,-25.4311,-220.453,195.022
83,2,79.6188,93.7422,14.1234
83,3,163.188,0,163.188
83,4,-108.187,93.7422,201.93
83,5,26.8453,0,26.8453
83,6,-72.0129,93.7422,165.755
83,7,24.3385,-220.453,244.792
84,0,219,219,0
84,1,356.846,-144.383,501.229
84,2,25.3706,-132.016,157.386
84,3,-292.99,0,292.99
84,4,-47.3762,-132.016,84.6395
84,5,-62.6897,0,62.6897
84,6,66.7932,-132.016,198.809
84,7,28.584,-144.383,172.967
85,0,215,215,0
85,1,-150.649,133.797,284.445
85,2,2.22112,147.27,145.048
85,3,214.126,0,214.126
85,4,-159.099,147.27,306.369
85,5,188.832,0,188.832
85,6,-151.697,147.27,298.967
85,7,80.4405,133.797,53.3564
86,0,51,51,0
86,1,-178.914,-303.945,125.032
86,2,8.46603,43.2656,34.7996
86,3,90.132,0,90.132
86,4,41.7193,43.2656,1.54633
86,5,132.245,0,132.245
86,6,-328.788,43.2656,372.053
86,7,-3.53099,-303.945,300.414
87,0,-108,-108,0
87,1,-244.325,-658.773,414.449
87,2,294.595,-97.9023,392.497
87,3,-103.139,0,103.139
87,4,155.563,-97.9023,253.466
87,5,179.271,0,179.271
87,6,-157.232,-97.9023,59.3297
87,7,-92.6411,-658.773,566.132
88,0,-260,-260,0
88,1,-106.182,-315.391,209.209
88,2,119.291,35.5,83.7912
88,3,22.0936,0,22.0936
88,4,-176.777,35.5,212.277
88,5,-161.104,0,161.104
88,6,-81.5574,35.5,117.057
88,7,49.208,-315.391,364.599
89,0,347,347,0
89,1,-9.17873,-163.555,154.376
89,2,-123.44,2.77344,126.213
89,3,-57.9933,0,57.9933
89,4,-31.8198,2.77344,34.5932
89,5,-238.309,0,238.309
89,6,10.566,2.77344,7.79253
89,7,63.8055,-163.555,227.36
90,0,29,29,0
90,1,-66.4879,21.3203,87.8082
90,2,-328.346,19.1367,347.483
90,3,-1.9599,0,1.9599
90,4,170.413,19.1367,151.276
90,5,-84.833,0,84.833
90,6,92.3794,19.1367,73.2427
90,7,40.4036,21.3203,19.0833
91,0,410,410,0
91,1,58.9866,185.492,126.506
91,2,-122.475,45.7617,168.236
91,3,44.3345,0,44.3345
91,4,-280.014,45.7617,325.776
91,5,-23.6312,0,23.6312
91,6,251.257,45.7617,205.495
91,7,47.1724,185.492,138.32
92,0,355,355,0
92,1,36.5702,503.57,467
92,2,-43.5536,-126.746,83.1924
92,3,-143.084,0,143.084
92,4,-205.768,-126.746,79.022
92,5,70.91,0,70.91
92,6,-7.2166,-126.746,119.529
92,7,-110.582,503.57,614.152
93,0,77,77,0
93,1,-49.3098,-14.4062,34.9035
93,2,-202.881,-2.49609,200.385
93,3,-255.517,0,255.517
93,4,38.8909,-2.49609,41.387
93,5,52.1382,0,52.1382
93,6,387.887,-2.49609,390.383
93,7,250.521,-14.4062,264.927
94,0,-138,-138,0
94,1,98.7094,777.422,678.712
94,2,-38.6304,-31.3398,7.29059
94,3,-4.40906,0,4.40906
94,4,-142.836,-31.3398,111.496
94,5,-177.905,0,177.905
94,6,213.466,-31.3398,244.806
94,7,-58.2007,777.422,835.623
95,0,451,451,0
95,1,-186.188,427.75,613.938
95,2,-91.3938,20.8008,112.195
95,3,-34.2703,0,34.2703
95,4,180.312,20.8008,159.511
95,5,9.41145,0,9.41145
95,6,32.499,20.8008,11.6982
95,7,76.07,427.75,351.68
96,0,206,206,0
96,1,-108.275,65.2266,173.502
96,2,74.5153,-135.344,209.859
96,3,-17.8322,0,17.8322
96,4,-282.843,-135.344,147.499
96,5,36.1504,0,36.1504
96,6,209.46,-135.344,344.804
96,7,-252.841,65.2266,318.068
97,0,-96,-96,0
97,1,53.4125,419.586,366.173
97,2,344.208,115.375,228.833
97,3,119.268,0,119.268
97,4,107.48,115.375,7.89476
97,5,133.264,0,133.264
97,6,99.2801,115.375,16.0949
97,7,111.336,419.586,308.25
98,0,195,195,0
98,1,-67.2236,198.5,265.724
98,2,188.508,-10.8164,199.324
98,3,135.301,0,135.301
98,4,-202.94,-10.8164,192.123
98,5,98.3363,0,98.3363
98,6,242.606,-10.8164,253.423
98,7,-156.973,198.5,355.473
99,0,-184,-184,0
99,1,171.709,485.859,314.15
99,2,7.88718,-192.199,200.086
99,3,-294.57,0,294.57
99,4,12.7279,-192.199,204.927
99,5,-158.981,0,158.981
99,6,129.907,-192.199,322.106
99,7,-89.9311,485.859,575.79
